target_id,cohort,target_role,institution_type,required_recent_experience,why_needed,priority,recruitment_status,recruiter,participant_or_org,scheduled_at,notes
T-001,라이선스만 이용 중인 기존 고객,정보/AI 수업 담당 교사,학교,최근 12개월 내 코들 라이선스 이용 또는 갱신,현재 인식과 비라이선스 상품 발견 검증,P0,not-contacted,,,,
T-002,라이선스만 이용 중인 기존 고객,정보부장 또는 교과부장,학교,최근 12개월 내 라이선스 확대 또는 예산 검토,내부 제안·승인 연결 검증,P0,not-contacted,,,,
T-003,라이선스만 이용 중인 기존 고객,수업 담당 교사,학교,인접 상품 미구매 상태,교차판매 발견과 실제 상황 연결 검증,P0,not-contacted,,,,
T-004,콘텐츠 구매/검토 고객,오리지널 콘텐츠 선정자,학교,오리지널 콘텐츠 구매 또는 보류,Pro 필수 관계와 콘텐츠 선정 증거 검증,P0,not-contacted,,,,
T-005,콘텐츠 구매/검토 고객,씨마스 콘텐츠 선정자,학교,씨마스 구매 또는 보류,파트너 콘텐츠 구매 trigger와 권리/교과 정보 수요 검증,P0,not-contacted,,,,
T-006,캠프·해커톤 경험 고객,프로그램 제안 교사,학교,최근 캠프 또는 해커톤 제안·견적 경험,프로그램 발견·예산·제안 자료 검증,P0,not-contacted,,,,
T-007,캠프·해커톤 경험 고객,행사 운영 책임자,학교,실제 행사 운영 경험,기관 준비사항과 운영 범위 검증,P1,not-contacted,,,,
T-008,학교 승인·행정 역할,부장 또는 관리자,학교,최근 에듀테크/프로그램 승인 경험,반대 이유와 승인 증거 검증,P0,not-contacted,,,,
T-009,학교 승인·행정 역할,행정실 또는 계약 담당,학교,최근 계약·품의·조달 처리,계약 단계와 필수 문서 검증,P0,not-contacted,,,,
T-010,교육청 사업 역할,장학사 또는 사업 담당,교육청/교육지원청,최근 AI 교육 사업 기획·집행,학교 밖 구매그룹·예산·시기 검증,P0,not-contacted,,,,
T-011,교육청 사업 역할,계약 협력자 또는 운영 담당,교육청/교육지원청,최근 위탁/행사 계약 또는 운영,조달·운영 책임 경계 검증,P1,not-contacted,,,,
T-012,AIDT 출판사 판매 경로,출판사 PM 또는 사업 담당,출판사,AIDT 상품 구성·파트너 협업 경험,공식명·상품 범위·코들 역할 검증,P0,not-contacted,,,,
T-013,AIDT 출판사 판매 경로,출판사 영업 또는 정산 담당,출판사,고객 판매·수납·코들 정산 경험,AIDT 구매 경로와 정산 구조 검증,P0,not-contacted,,,,
T-014,검토 후 보류·이탈 고객,최초 제안자 또는 승인자,학교/교육기관,최근 12개월 내 실제 보류·이탈,성공 고객 편향 보정과 장애물 검증,P0,not-contacted,,,,
B-001,예비,기존 고객 교사,학교,라이선스만 이용,노쇼 대체,P1,backup,,,,
B-002,예비,학교 관리자,학교,최근 승인 경험,역할 편중 보완,P1,backup,,,,
B-003,예비,행정/계약 담당,학교,최근 계약 경험,계약 역할 보완,P1,backup,,,,
B-004,예비,교육청 담당,교육청/교육지원청,최근 사업 집행,기관 유형 보완,P1,backup,,,,
B-005,예비,출판사 담당,출판사,AIDT 판매 또는 사업 경험,AIDT 경로 보완,P1,backup,,,,
B-006,예비,보류 고객,학교/교육기관,최근 보류 경험,반증 사례 보완,P1,backup,,,,
