receipt_id,source_type,title,source_url_or_path,version_or_hash,captured_at,status,notes
R-001,live-service,ai.codle.io root HTML,https://ai.codle.io/,sha256:a369a74c5f9e9ded055ea0df47ad59e42cf6ac392eb176c1f56a399b4efe6d07,2026-08-21T11:16:04+09:00,captured,"HTTP 200; response Date 2026-08-21; server-rendered root/metadata only"
R-002,github-repository,jce-landing-react main,https://github.com/team-monolith-product/jce-landing-react,commit:b950f7ca9486026a7672475b6290e7709469955e,2026-08-21T11:16:04+09:00,captured,"Private repo; main commit dated 2026-08-11T12:23:10Z"
R-003,github-file,Korean messages,https://github.com/team-monolith-product/jce-landing-react/blob/main/src/messages/kr.json,commit:b950f7ca9486026a7672475b6290e7709469955e,2026-08-21T11:16:04+09:00,captured,"Current implemented public copy; not business-approved by this receipt"
R-004,github-file,Pricing plan source,https://github.com/team-monolith-product/jce-landing-react/blob/main/src/app/%5Blocale%5D/pricing/plans.ts,commit:b950f7ca9486026a7672475b6290e7709469955e,2026-08-21T11:16:04+09:00,captured,"Current implemented pricing model; owner verification required"
R-005,github-file,Home composition,https://github.com/team-monolith-product/jce-landing-react/blob/main/src/app/%5Blocale%5D/(index)/page.tsx,commit:b950f7ca9486026a7672475b6290e7709469955e,2026-08-21T11:16:04+09:00,captured,"Current implemented section composition; historical observation only"
R-006,github-file,Form submission API client,https://github.com/team-monolith-product/jce-landing-react/blob/main/src/apis/form-submissions.ts,commit:b950f7ca9486026a7672475b6290e7709469955e,2026-08-21T11:16:04+09:00,captured,"POST /api/v1/form_submissions observed; end-to-end success not yet verified"
R-007,reference-only,Legacy design source pack,/Users/jonghyunjun/AIworkspace/codle-landing-plan/design-source-pack/,unversioned-reference,2026-08-21T11:16:04+09:00,reference-only,"May generate re-verification questions only; no claims copied"
R-008,owner-direct,Product taxonomy confirmation,current Hermes conversation,owner-statement:2026-08-21T11:39:05+09:00,2026-08-21T11:39:05+09:00,captured,"CEO confirmed license/content/partner/program hierarchy; detailed commercial conditions remain pending"
R-009,operational-repository,Jitda AI camp and vibe-coding hackathon case,/Users/jonghyunjun/AIworkspace/ENK/jitda-landing-vite/cases/jeonbuk-ai-camp-260801/case.data.json,"commit:a786c4755b8dc2bc7dac77a5a8d369d70c1b74e7;sha256:a850b97c23d4f3a605407d2432448521f057c73842c55ae34a80738edf544c87",2026-08-21T11:39:05+09:00,captured,"Confirms a combined camp/hackathon delivery case; performance claims remain pending"
R-010,partner-source,YBM information AI digital learning-material landing request,local YBM middle/high school PPTX,sha256:07fefcccfd2358386a00b7b7232cc5a2e657b51872235d638136a7d0e2c077e8,2026-08-21T11:39:05+09:00,captured,"Confirms 2025 partner request and middle/high information-subject scope; current offering status pending"
R-011,owner-direct,Perception-shift goal,current Hermes conversation,owner-statement:2026-08-21,2026-08-21,captured,"CEO confirmed shift from software-only perception to full-spectrum AI education partner; public all-encompassing copy requires separate review"
R-012,customer-interviews,Camp and hackathon buyer context,internal interview analyses,"sha256:e641edabaefec5876f3f2bd5ea01dd2c3fd4e09c80cc764745305ab240835d15;sha256:7eddb8e9d6f7cd3a54aca4e1db1ca12e93fd4b85e6b729a3ab70e06e40f9a84f",2026-08-21,captured,"One education-office pre-operation interview and one warm existing-customer school post-operation interview; do not generalize"
R-013,owner-direct,License and content purchase configuration,current Hermes conversation,owner-statement:2026-08-21,2026-08-21,superseded,"Earlier interpretation that content passes could be purchased independently was corrected by R-014"
R-014,owner-direct,Offering boundaries and Pro requirement,current Hermes conversation,owner-statement:2026-08-24T17:18:57+09:00,2026-08-24T17:18:57+09:00,captured,"CEO confirmed Pro is mandatory for content passes; camp and hackathon remain separate top-level offerings; Jitda may be a hackathon child"
R-015,owner-direct,Current availability and sales model,current Hermes conversation,owner-statement:2026-08-24T21:28:19+09:00,2026-08-24T21:28:19+09:00,captured,"CEO confirmed all six top-level offerings are currently sold/provided; five are sold directly by Team Monolith/Codle, while AIDT is sold and collected by each publisher with later settlement to Team Monolith/Codle"
R-016,owner-direct,Internal evidence recommendations 1-7 approved,current Hermes conversation,owner-statement:2026-08-24T23:08:08+09:00,2026-08-24T23:08:08+09:00,captured,"CEO approved all seven recommendations in the internal evidence owner review packet: six canonical labels, no public prices, Pro-required content framing, publisher-routed AIDT, output-based camp/hackathon distinction, unified multi-offering inquiry for five direct-sale offerings, and no unapproved names/assets/metrics."
R-017,live-service,Service landing URLs and public messaging,multiple public URLs,"sha256:c0bca6215aba3ea011bd8aef629ef39a49cf05685444a99710951f245fe94cfa;sha256:63818fab4a2c88c106948ce96e2930d811b857a3fc640ada488aafa4761aa5aa",2026-08-26T09:43:36+09:00,captured,"Codle contents and CMASS public pages verified; public implementation claims do not automatically approve prices or metrics."
R-018,operational-repository,Jitda landing messaging and structure,/Users/jonghyunjun/AIworkspace/ENK/jitda-landing-vite,commit:a786c4755b8dc2bc7dac77a5a8d369d70c1b74e7,2026-08-26T09:43:36+09:00,captured,"Target branches, page structure, outputs, operational scope, CTAs and unapproved high-risk claims audited; secret values omitted."
R-019,live-service,AI digital learning material display wording observation,https://exhibition.codle.io/,sha256:3ed7e0824fe10cd24de1a35521003707999dcdbc1f43ef2759e72d000e4ca7e1,2026-08-26T09:43:36+09:00,captured,"Observed display wording is AI∙디지털 교육자료; canonical-name inference superseded by R-020 owner correction."
R-020,owner-direct,AIDT 교육자료 official-name correction,current Hermes conversation,owner-statement:2026-08-26,2026-08-26,captured,"CEO confirmed the official name is AIDT 교육자료 and its expanded Korean form is AI 디지털 교육자료; exhibition wording does not supersede the official name."
R-021,owner-direct,Low-fidelity prototype reviewed and next stage approved,current Hermes conversation,owner-statement:2026-08-26,2026-08-26,captured,"CEO confirmed the low-fidelity prototype was reviewed and instructed the project to proceed to the next stage; final visual direction and unresolved claims remain unapproved."
R-022,owner-direct,Motion logo montage and protagonist review,current Hermes conversation,owner-statement:2026-08-26,2026-08-26,captured,"Compress original content CMASS and AIDT scenes into a Codle CMASS Geumseong YBM logo montage; teacher protagonist is recommended but not yet final; partner logo assets and rights require confirmation."
R-023,owner-direct,Motion-graphics video agent handoff package,current Hermes conversation,owner-statement:2026-08-26,2026-08-26,captured,"CEO selected motion graphics over live action and requested a self-contained folder with purpose background service descriptions logos storyboard specs guardrails and QA for a separate video-generation agent."
R-024,owner-direct,Motion idea parked and original landing plan resumed,current Hermes conversation,owner-statement:2026-08-26,2026-08-26,captured,"CEO instructed that video generation remain an idea only and that the project return to the original landing-page plan; visual-direction selection is active again and motion production is out of scope."
R-025,owner-direct,Visual direction 01+03 hybrid selected,current Hermes conversation,owner-selection:2026-08-26,2026-08-26,captured,"CEO selected the recommended hybrid: Bold Editorial for the strong first impression and Decision Catalog for institutional comparison and purchasing support; high-fidelity vertical-slice work may proceed while final copy endpoints and production remain unapproved."
R-026,owner-direct,Concept before color,current Hermes conversation,owner-statement:2026-08-26,2026-08-26,captured,"CEO said the current directions were too visually intense and hard on the eyes; concept must be established before color. High-fidelity color work paused and concept-first comparison opened."
R-027,owner-direct,Concept A preferred but copy and narrative not intuitive,current Hermes conversation,owner-statement:2026-08-26,2026-08-26,captured,"CEO judged Concept A the best of the three but did not approve it; copy and narrative require a more intuitive structure, and relevant internet-available Agent Skills should be researched before visual refinement."
R-028,owner-direct,Six-card main and AI Camp landing update,current Codex conversation,owner-statement:2026-09-10,2026-09-10,captured,"Owner requested that the main prioritize six visible product cards over bold text, remove the low-value education-scene filter, and review the newly published AI Camp landing."
R-029,owner-direct,Full prototype rebuild from all official landings,current Codex conversation,owner-statement:2026-09-10,2026-09-10,captured,"Owner instructed a folder-wide search for official landing sources and a full rewrite of copy design composition and layout without referencing the previous prototype; then explicitly instructed execution."
