inventory_id,parent_inventory_id,canonical_name,observed_or_alias_name,offering_type,relationship,commercial_unit,observed_price_krw,availability_status,taxonomy_status,commercial_status,receipt_ids,owner,approved_scope,verification_question
P-001,,코들 라이선스,,product-family,contains-license-tiers,,,currently-sold-direct-owner-confirmed,approved,partial,R-008;R-014;R-015,전종현,상품군 이름·Basic/Pro 포함 관계·콘텐츠 이용권 구매에 Pro 필수·현재 계약/신청 접수 가능·Team Monolith/Codle 직접 판매,기관 계약 최소수량·기간·포함 기능·구체 문의 채널은?
O-001,P-001,Basic,Basic,license-tier,free-tier,무료; 사용 범위 별도 확인,0,implemented-and-owner-confirmed,approved,approved,R-004;R-008,전종현,Basic이 무료 티어라는 사실,무료 범위·400명 문구·기관 계약 관계가 현재 정확한가?
O-002,P-001,Pro,Pro,license-tier,paid-tier,학생 1인·1학기 구현값; 계약 단위 미승인,22000,implemented-and-owner-confirmed,approved,pending,R-004;R-008,전종현,Pro가 코들 라이선스의 유료 티어라는 관계,"22,000원·부가세·최소수량·계약기간·공개 허용 여부는?"
O-003,P-001,Pro 번들 적용가,,pricing-rule,applies-with-content-pass,학생 1인·1학기 구현값; 조건 미승인,20000,implemented,pending,pending,R-004,TBD:pricing,,현재도 모든 콘텐츠 결합에 적용되는 정책인가?
P-002,,코들 오리지널 콘텐츠,,product-family,contains-original-content-lines,,,currently-sold-direct-owner-confirmed,approved,partial,R-008;R-014;R-015,전종현,상품군 이름·AI 콘텐츠 이용권/Pro 콘텐츠 전시 관계·콘텐츠 구매에 Pro 필수·현재 계약/신청 접수 가능·Team Monolith/Codle 직접 판매,상품군의 공식 대외 설명·과금 관계·구체 문의 채널은?
O-004,P-002,코들 AI 콘텐츠 이용권,Codle AI,content-line,requires-pro-license,학생 1인·1학기 추가라는 구현값,20000,implemented-and-owner-confirmed,approved,partial,R-004;R-008;R-014,전종현,코들 오리지널 콘텐츠로 설명하며 단독 구매 불가·Pro 필수,공식 표기명·구성·가격·콘텐츠 갱신 약속은?
O-005,P-002,코들 Pro 콘텐츠,,content-line,display-with-original-content,구성·과금 단위 미확인,,planned-for-new-hub,approved,pending,R-008,전종현,오리지널 콘텐츠 영역에서 함께 설명·전시,무엇이 Pro 기본 기능/콘텐츠이며 어떤 항목을 전시할 것인가?
P-003,,씨마스 인공지능 기초,씨마스 인기초,partner-content-product,requires-pro-license,학생 1인·1학기 추가라는 구현값,10000,currently-sold-direct-owner-confirmed,approved,partial,R-004;R-008;R-014;R-015,전종현,별도 제휴 콘텐츠 상품의 존재·명칭·단독 구매 불가·Pro 필수·현재 계약/신청 접수 가능·Team Monolith/Codle 직접 판매,파트너 권리·학년/단원·가격·계약기간·구체 문의 채널은?
P-004,,AIDT 교육자료,AI 디지털 교육자료; AI∙디지털 교육자료(웹전시 표현); 금성 고등 정보 AI 디지털 교육 자료; YBM 중·고등학교 정보 AI 디지털 교육자료; AI 디지털교과서(역사적 제도명),institutional-content-product,distinct-offering,,,currently-sold-via-publishers-owner-confirmed,approved,partial,R-008;R-010;R-015;R-017;R-019;R-020,전종현,정식명칭·풀어쓴 표기·상품군 존재·현재 판매 가능·출판사 판매/수납 후 Team Monolith/Codle 정산,중고등 분리·출판사별 구매 URL·정산 조건·자산 권리는?
P-005,,AI 집중캠프,전북교육청 인공지능 창의도전 캠프,program,distinct-top-level-program,,,currently-sold-direct-owner-confirmed,approved,partial,R-008;R-009;R-014;R-015,전종현,해커톤과 분리된 최상위 프로그램 상품·현재 계약/신청 접수 가능·Team Monolith/Codle 직접 판매,대상·기간·제공 범위·가격·구체 문의 채널은?
P-006,,바이브코딩 해커톤 대회,짓다 바이브코딩 해커톤,program,distinct-top-level-program,,,currently-sold-direct-owner-confirmed,approved,partial,R-008;R-009;R-014;R-015,전종현,캠프와 분리된 최상위 프로그램이며 짓다 플랫폼을 하위 구성으로 둠·현재 계약/신청 접수 가능·Team Monolith/Codle 직접 판매,대상·가격·짓다 외부 설명 범위·구체 문의 채널은?
O-006,P-006,짓다 플랫폼,짓다,enabling-platform,child-of-hackathon,과금 단위 미확인,,owner-confirmed-child,approved,pending,R-009;R-012;R-014,전종현,바이브코딩 해커톤 하위 구성,외부 표기명·핵심 기능·별도 과금 여부는?
