offering_id,buying_role,approval_question,artifact_or_evidence_needed,observed_or_inferred,source_ids,priority,landing_implication
P-001,제안자(정보/AI 담당교사),이 플랫폼을 왜 AIDT나 경쟁 코스웨어 대신 사야 하는가,"경쟁 코스웨어 대비 차별점 문서, 소규모 유상 시범 사용 경로",observed,S-051,high,라이선스 카드에 '먼저 소규모로 써보는 경로'와 '무엇이 다른가'를 분리해 제공
P-001,제안자(담당교사),1인 단가와 총액을 어떻게 산출해 보고하는가,"학생 수·학기 수 입력형 견적 구성기, 1인 기준가 표기",observed,S-017;S-019,high,현행 가격 페이지 구성기가 이미 이 역할. 허브에서 상품 카드→구성기 진입 경로 유지
P-001;P-002;P-003,승인자(부장·교감·교장),이 지출이 학교 사업계획과 결재선을 통과할 수 있는가,"기안용 사업 근거 요약, 상위 사업계획에 편입 가능한 프로그램 설명",observed,S-005;S-059,high,상품별로 '기안에 붙일 1장'을 다운로드 가능하게 설계
P-001;P-002;P-003,계약·행정(행정실),"학교장터에서 어떤 물품번호로, 어떤 계약 방식으로 처리하는가","학교장터 물품번호, 수의계약/S2B 임계 안내, 거래명세서·세금계산서 절차",observed,S-007;S-046;S-050,high,CTA 이후 안내 페이지에 조달 경로를 명시. 화면 앞단 노출은 과함
P-001,계약·행정(행정실),정산 이후 시스템 단계까지 마무리되는가,"검수·정산 완료 확인 절차, 감사 대응 안내",observed,S-047,medium,행정 지원을 차별점으로 쓰려면 owner 승인 필요
P-002;P-003,제안자(수업 담당교사),콘텐츠가 실제 수업 진도와 맞는가,"단원별 미리보기, 교사용/학생용 화면 구분, 웹전시 링크",observed,S-013;S-014,high,콘텐츠 이용권 카드에 미리보기를 1차 CTA로
P-003,제안자(수업 담당교사),교재 차시와 어떻게 연결되는가,"교재 단원 1~4 시리즈 매핑, 파이썬 오류 도우미·활동 자동 수집 설명",observed,S-013;S-014;S-019,high,씨마스 카드는 교재 연계와 업무 부담 감소를 함께 제시
P-002;P-003,승인자(부장),Pro 없이 콘텐츠만 살 수 없다는 점을 어떻게 설명하는가,Pro 필수 관계를 명시한 구매 구성 안내,observed,S-010;S-017,high,"발견 단계에서는 숨기고, 구성기·견적 단계에서 명시. 정본 CR-001/CR-002 준수"
P-004,제안자(교사),이 자료를 어디서 체험하고 누구에게 구매하는가,"출판사별 포털 체험 계정 경로, 출판사 대표 연락처·공동 CS 창구",observed,S-044;S-081,high,AIDT 카드는 코들 견적 CTA를 붙이지 않고 출판사 안내로 분기
P-004,승인자·행정,AIDT 계약 주체와 대금 흐름이 어떻게 되는가,"출판사 판매·수납 구조 설명, 코들의 역할 범위 명시",observed,S-040;S-041;S-075,high,'코들이 만든 자료를 출판사가 판매'라는 관계를 한 문장으로 고정
P-005,제안자(담당교사),우리 학교 규모와 시수에 맞는 형태가 있는가,"학급형/학년형/전교형 규모별 운영 형태, 차시 구성",observed,S-005;S-056,high,캠프 카드에 규모별 운영 형태를 노출. 가격은 비노출
P-005,승인자(교감·교장),교육적 성과를 무엇으로 보고하는가,"만족도 설문 집계본, 결과보고서 템플릿, 보도자료·기사 링크",observed,S-005,high,'결과보고까지 지원' 문구는 owner 승인 후 사용
P-005;P-006,계약·행정(행정실),강사비·멘토비를 학교 규정 안에서 어떻게 집행하는가,"항목 조정 가능한 견적서(여비·자문비 등), 세부내역 유무 2종 견적",observed,S-006;S-009,high,견적 요청 폼에 '내부 규정 제약' 입력 필드 검토
P-006,제안자(담당교사),학생이 무엇을 만들어 나가는가,"작동하는 웹앱·기획서·발표자료 등 산출물 목록, 갤러리 사례",observed,S-056;S-008,high,해커톤 카드는 산출물을 1차 정보로
P-006,제안자(담당교사),생활기록부 기재에 쓸 수 있는가,"활동 기록·결과물 정리본, 학교 제출용 리포트",observed,S-029;S-056,high,생기부 표현은 민감하므로 owner 승인 전 공개 카피 금지
P-006,승인자(교육청 장학사·자문단),이 방식이 교과 취지와 평가 타당성을 만족하는가,"과정 평가 기준, 심사 기준 설계 자료",observed,S-038,high,교육청형은 학교형과 다른 설득 자료가 필요함을 IA에 반영
P-006,운영자(담당교사),학교 네트워크·컴퓨터실 환경에서 되는가,"사전 환경 점검 체크리스트, 사전교육 운영 방식",observed,S-005;S-036,medium,'학교는 일정만 정하면 된다'류 문구는 검증 후 사용
P-005;P-006,제안자,캠프와 해커톤 중 무엇이 우리 상황인가,두 상품의 목적·산출물·운영 형태 비교,inferred,S-030;S-054;S-037,high,혼동 사례가 반복되므로 허브에서 비교 축을 명시적으로 제공
