event_id,offering_id,budget_or_project_name_exact,budget_situation,timing,procurement_or_contract_path,amount_observed,amount_publicly_approved,source_ids,evidence_grade,limitations
EV-001,P-005,AI 중점학교 예산,1억 규모가 학교에 배정됐으나 정보 시수를 늘리지 못해 학교자율시간으로 전환. 수업 인력·방법 부재,"2026-07 계약, 2026-07-09~10 운영","학교 직접 계약, 견적서 발행","7,434,000",no,S-001;S-002,B-near-direct,예산 총액은 담당교사 전언이며 원문 문서 미확인. 견적 금액은 내부 발행 기록
EV-002,P-006;P-001,확인되지 않음(예산 상한 300만원선만 확인),예산 상한 300만원. 강사비 50만원 항목을 행정실이 규정 위반으로 반대,"2026-06 상담, 2026-07-11 운영",200만원 이상이라 학교장터(S2B) 계약. 결제 2026-07-10,"2,310,000",no,S-006;S-007;S-008;S-057,B-near-direct,예산 사업명은 검색한 채널·검색어에서는 확인되지 않음. 매출액은 내부 정산 요약치
EV-005,P-001;P-006,확인되지 않음,라이선스 사용료와 해커톤 예산이 하나의 한정된 예산을 두고 경합. 내부 협의용 견적서 요청,"2026-08-24 문의, 계약기간 2026-08-24~2027-02-28",코들 문의 폼 → 딜 카드 → 견적서 발행. 계약 가능성 70%,"1,936,000",no,S-019;S-020;S-021;S-022,A-direct,예산명·출처 미확인. 금액은 견적 단계이며 계약 확정 아님
EV-006,P-006,확인되지 않음,교육청 캠프 참여 경험 후 방과후 수업용으로 재구성 요청,"2026-08-21 문의, 2026년 2학기 방과후",코들 문의 폼,확인되지 않음,no,S-023;S-024,A-direct,가격 책정 방식 자체가 미정 상태
EV-007,P-001;P-003,확인되지 않음,Pro를 먼저 확보하고 잔여 예산을 씨마스 교과서 콘텐츠에 배분,2026-07-16,코들 문의 폼 → 상담,"4,700,000",no,S-025;S-026,B-near-direct,470만원은 상담 기록상 숫자이며 계약서 미확인
EV-008,P-001;P-002,확인되지 않음,Pro 350만원과 오리지널 콘텐츠 이용권 655만원 두 견적 중 예산 범위 내 선택,2026-08-03,코들 문의 폼 → 상담,"6,550,000",no,S-027;S-028,B-near-direct,선택 결과 미확인
EV-009,P-006,디지털선도학교 예산,전체 예산 760만원 보유. 3학년 우선 실시 후 확산 검토. 예산 초과 시 멘토 축소 의사,2026-06-10 상담,학교 직접,확인되지 않음,no,S-029,B-near-direct,견적·계약 결과는 이 스레드에서 확인되지 않음
EV-013,P-006;P-001,인공지능 중점학교 예산,교육청 지침상 외부 업체 위탁 불가. 프로그램 대신 플랫폼 활용으로 수요 이동,2026-05-27 상담,학교 직접,확인되지 않음,no,S-034,B-near-direct,지침 원문 미확인. 교사 전언
EV-015,P-006,확인되지 않음,300만원 이상 공개 입찰 의무. 단독 응찰 시 유찰 후 재공고 필요,"2026-08 계약 준비, 2026-09-17~18 운영",기관 공개 입찰,확인되지 않음,no,S-039,B-near-direct,최종 계약 방식·금액 미확인
EV-016,P-004,AIDT 25-1 고등 정보 대금 / 플랫폼 구축료(AI디지털 교육자료),출판사가 학교로부터 수납한 뒤 코들에 정산. CS 처리 등 비용 공제 후 입금,2025-2026 회계 처리,출판사 → 코들 세금계산서 발행,"300,000,000(선금) / 274,783,266(잔금) / 46,096,535(구축료)",no,S-040,A-direct,이 금액은 코들이 출판사에서 받은 정산액이지 학교 판매가가 아님. 대외 인용 금지
EV-019,P-004,확인되지 않음,AIDT 인당 4~5만원은 일반 학교에 부담. 적정가는 연 1~2만원 수준이라는 양측 의견 일치,2026-05-23 통화,출판사 판매,"40,000~50,000(인당, 출판사 발언)",no,S-045,B-near-direct,출판사 담당자 발언의 내부 요약. AIDT 공식 가격 아님
EV-021,P-001,남은 예산(일반),에듀테크 업계가 학교 잔여 예산을 겨냥한 광고를 집행 중. 소진 마감 시점은 내부에서도 미확인,2025-12-05 관찰,해당 없음,확인되지 않음,no,S-048,C-internal-summary,historical. 시장 관행 관찰이며 코들 고객 사건 아님
EV-022,P-001,교육청 잔여 예산 / 연수 사업 예산,교육청이 잔여 예산으로 학교분 라이선스를 대신 구매. 금액은 비공개,2025-11 / 2025-06,교육청 일괄 구매 후 학교 배포,"30,000,000(연수 예산 사례)",no,S-049;S-050,B-near-direct;C-internal-summary,historical. 두 사례는 서로 다른 교육청
EV-023,P-001,학교 잔여 예산,차학기 구매 결정을 위해 잔여 예산으로 한 학급 Pro 시범 사용,2024-12,학교 직접,확인되지 않음,no,S-051,B-near-direct,historical. 2024-12 기준이며 현재 정책과 다를 수 있음
EV-025,P-001;P-006,교육청 연간 본예산(1~12월),경쟁사 재계약 부담으로 플랫폼 교체 검토. 예산액은 비공개,"2026-08 협의, 2027년 예산 수립 대상",교육청 단위 계약,확인되지 않음,no,S-053,B-near-direct,경쟁사 계약 규모 언급이 있으나 제3자 정보라 인용 제외
EV-029,P-005;P-006,확인되지 않음,기관 유형별 실제 계약 규모 차이,2026-06~2026-08,기관별 상이,"32,500,000 / 2,310,000 / 19,000,000",no,S-057,C-internal-summary,내부 손익 정리 수치. 대외 인용 금지
EV-030,P-006,확인되지 않음,"인원 40명, 8시간, 멘토 별도 구인, 교사팀 참여 시 4인 요금 추가",2026-09-06 운영 예정,학교 직접,"3,740,000",no,S-058,B-near-direct,견적 단계
EV-033,P-006,확인되지 않음,학교형 해커톤 기준 견적 400만원선. 예산 없는 학교는 할인 적용,2026-08 시점 관행,학교 직접,"4,000,000",no,S-061,C-internal-summary,공개 가격으로 승인된 바 없음
EV-036,P-001;P-002,확인되지 않음,예산 부족으로 Pro만 50% 할인 계약하고 콘텐츠 이용권은 추후 업그레이드,2026-08-11,확인되지 않음,"1,800,000(추후 업그레이드분)",no,S-065,B-near-direct,할인율은 대외 노출 금지
EV-038,P-001,확인되지 않음,1학기 사용에 120만원 이하 예산을 원해 성사되지 않음,2026-08-21,해당 없음,"1,200,000(고객 희망 상한)",no,S-067,B-near-direct,실패 사유의 직접 기록
EV-039,P-001,추경 예산,7월 추경으로 예산이 나오면 재개하기로 하고 구매 지연,"2026-05-29 기록, 2026-07 재개 희망",확인되지 않음,확인되지 않음,no,S-068,B-near-direct,후속 결과 미확인
EV-040,P-003,확인되지 않음,콘텐츠 실물 확인 요구와 예산 한정이 동시 병목,2026-05-29,확인되지 않음,확인되지 않음,no,S-069,B-near-direct,후속 결과 미확인
EV-041,P-001,정보 교과 예산,정보 교과 단위 예산 50만원 규모,2026-05-13,확인되지 않음,"500,000",no,S-071,B-near-direct,소액 세그먼트 존재 근거
EV-047,P-005,확인되지 않음,이익 20%와 부가세를 반영해 원가 재산정. 총액 200~300만원 상승,2026-08-18,학교 직접,확인되지 않음,no,S-004;S-005,C-internal-summary,가격 정책 확정 전. 공개 금지
